[{"@type":"mappingTemplate","id":"@1","name":"cmd_CommitHistoryAsset","description":"Multiple Lookup Condition","autoExpireObject":false,"bundleVersion":"0","assetFrsGuid":"4HDIbFbbSoAfVjvU3OhIec","templateId":"@3","deployTime":1764985211000,"hasParameters":false,"valid":true,"fixedConnection":true,"hasParametersDeployed":false,"fixedConnectionDeployed":true,"isSchemaValidationEnabled":false,"tasks":0,"mappingPreviewFileRecordId":"@2","documentType":"","allowMaxFieldLength":false,"specialCharacterSupport":false,"references":[{"@type":"reference","refObjectId":"@4v3Org51N2SgkceJ3RDjeB","refType":"connection"}]}]