[{"@type":"mappingTemplate","id":"@1","name":"cmd_CommitHistoryAsset","description":"Multiple Lookup Condition","autoExpireObject":false,"bundleVersion":"0","assetFrsGuid":"aRXCQ1IoT4EefiFs8ZeGuW","templateId":"@3","deployTime":1760837505000,"hasParameters":false,"valid":true,"fixedConnection":true,"hasParametersDeployed":false,"fixedConnectionDeployed":true,"isSchemaValidationEnabled":false,"tasks":0,"mappingPreviewFileRecordId":"@2","documentType":"","allowMaxFieldLength":false,"specialCharacterSupport":false,"references":[{"@type":"reference","refObjectId":"@k8fQ53XQ78LhrC27Uucc8B","refType":"connection"}]}]