[{"@type":"mappingTemplate","id":"@1","name":"cmd_CommitHistoryAsset","description":"Multiple Lookup Condition","autoExpireObject":false,"bundleVersion":"0","assetFrsGuid":"4Kpa08PJYeKfStcM7w3hYb","templateId":"@3","deployTime":1758939999000,"hasParameters":false,"valid":true,"fixedConnection":true,"hasParametersDeployed":false,"fixedConnectionDeployed":true,"isSchemaValidationEnabled":false,"tasks":0,"mappingPreviewFileRecordId":"@2","documentType":"","allowMaxFieldLength":false,"specialCharacterSupport":false,"references":[{"@type":"reference","refObjectId":"@dcOBArtGlwogjPp1yVTSKh","refType":"connection"}]}]